{
 "END": "2026-07-15",
 "元旦锚点": {
  "rev": 1139.0,
  "buyers": 48,
  "orders": 97,
  "max": 305.0,
  "arppu": 23.729166666666668,
  "opb": 2.0208333333333335
 },
 "情人节锚点": {
  "rev": 2979.0,
  "buyers": 53,
  "orders": 131,
  "max": 910.0,
  "arppu": 56.20754716981132,
  "opb": 2.4716981132075473
 },
 "夏日锚点": {
  "rev": 1429.0,
  "buyers": 55,
  "orders": 120,
  "max": 300.0,
  "arppu": 25.98181818181818,
  "opb": 2.1818181818181817
 },
 "世界杯锚点": {
  "rev": 2877.0,
  "buyers": 153,
  "orders": 312,
  "max": 400.0,
  "arppu": 18.80392156862745,
  "opb": 2.0392156862745097
 },
 "WC档$4.99": {
  "rev": 1297.0,
  "buyers": 145,
  "orders": 260,
  "max": 55.0,
  "arppu": 8.944827586206896,
  "opb": 1.793103448275862
 },
 "WC档$19.99": {
  "rev": 880.0,
  "buyers": 19,
  "orders": 44,
  "max": 180.0,
  "arppu": 46.31578947368421,
  "opb": 2.3157894736842106
 },
 "WC档$49.99": {
  "rev": 100.0,
  "buyers": 2,
  "orders": 2,
  "max": 50.0,
  "arppu": 50.0,
  "opb": 1.0
 },
 "WC档$99.99": {
  "rev": 600.0,
  "buyers": 3,
  "orders": 6,
  "max": 400.0,
  "arppu": 200.0,
  "opb": 2.0
 }
}