{
 "END": "2026-07-16",
 "元旦锚点": {
  "rev": 1139.0,
  "buyers": 48,
  "orders": 97,
  "max": 305.0,
  "arppu": 23.729166666666668,
  "opb": 2.0208333333333335
 },
 "情人节锚点": {
  "rev": 2979.0,
  "buyers": 53,
  "orders": 131,
  "max": 910.0,
  "arppu": 56.20754716981132,
  "opb": 2.4716981132075473
 },
 "夏日锚点": {
  "rev": 1429.0,
  "buyers": 55,
  "orders": 120,
  "max": 300.0,
  "arppu": 25.98181818181818,
  "opb": 2.1818181818181817
 },
 "世界杯锚点": {
  "rev": 3107.0,
  "buyers": 155,
  "orders": 324,
  "max": 400.0,
  "arppu": 20.045161290322582,
  "opb": 2.0903225806451613
 },
 "WC档$4.99": {
  "rev": 1327.0,
  "buyers": 147,
  "orders": 266,
  "max": 55.0,
  "arppu": 9.02721088435374,
  "opb": 1.8095238095238095
 },
 "WC档$19.99": {
  "rev": 980.0,
  "buyers": 22,
  "orders": 49,
  "max": 180.0,
  "arppu": 44.54545454545455,
  "opb": 2.227272727272727
 },
 "WC档$49.99": {
  "rev": 100.0,
  "buyers": 2,
  "orders": 2,
  "max": 50.0,
  "arppu": 50.0,
  "opb": 1.0
 },
 "WC档$99.99": {
  "rev": 700.0,
  "buyers": 4,
  "orders": 7,
  "max": 400.0,
  "arppu": 175.0,
  "opb": 1.75
 }
}