{
 "END": "2026-07-16",
 "seg": "1000-1870",
 "竞猜894全档": {
  "rev": 2098.0,
  "buyers": 58,
  "orders": 214,
  "max": 430.0,
  "p50": 19.99,
  "p90": 59.96,
  "over100": 3.4482758620689653,
  "over500": 0.0,
  "total_payers": 831,
  "payrate": 6.979542719614922
 },
 "世界杯开箱": {
  "rev": 9422.0,
  "buyers": 134,
  "orders": 798,
  "max": 1365.0,
  "p50": 9.98,
  "p90": 279.72,
  "over100": 14.925373134328357,
  "over500": 1.4925373134328357,
  "total_payers": 1024,
  "payrate": 13.0859375
 },
 "通行证": {
  "rev": 4887.0,
  "buyers": 182,
  "orders": 305,
  "max": 150.0,
  "p50": 29.98,
  "p90": 29.98,
  "over100": 0.5494505494505495,
  "over500": 0.0,
  "total_payers": 1046,
  "payrate": 17.39961759082218
 }
}