{
 "END": "2026-07-16",
 "seg": "深海59服段(1170-2010)",
 "payers": 2186,
 "竞猜894全档": {
  "rev": 5880.0,
  "buyers": 106,
  "orders": 540,
  "max": 679.0,
  "opb": 5.09433962264151,
  "arppu": 55.471698113207545
 },
 "开箱福箱连锁": {
  "rev": 14683.0,
  "buyers": 212,
  "orders": 1187,
  "max": 1415.0,
  "opb": 5.599056603773585,
  "arppu": 69.25943396226415
 },
 "开箱券锚点(可复购)": {
  "rev": 1538.0,
  "buyers": 81,
  "orders": 171,
  "max": 120.0,
  "opb": 2.111111111111111,
  "arppu": 18.987654320987655
 },
 "通行证(130020/21)": {
  "rev": 8175.0,
  "buyers": 311,
  "orders": 514,
  "max": 150.0,
  "opb": 1.652733118971061,
  "arppu": 26.286173633440516
 }
}