{
 "END": "2026-07-15",
 "竞猜894全档": {
  "rev": 7028.0,
  "buyers": 160,
  "orders": 660,
  "max": 679.0,
  "p50": 9.99,
  "p90": 99.88,
  "over100": 8.75,
  "over500": 1.25,
  "total_payers": 3605,
  "payrate": 4.438280166435506
 },
 "通行证": {
  "rev": 15690.0,
  "buyers": 551,
  "orders": 996,
  "max": 150.0,
  "p50": 29.98,
  "p90": 41.614727,
  "over100": 0.18148820326678766,
  "over500": 0.0,
  "total_payers": 4240,
  "payrate": 12.995283018867926
 }
}