{
 "END": "2026-07-16",
 "竞猜894全档": {
  "rev": 7038.0,
  "buyers": 161,
  "orders": 661,
  "max": 679.0,
  "p50": 9.99,
  "p90": 89.93,
  "over100": 8.695652173913043,
  "over500": 1.2422360248447204,
  "total_payers": 3657,
  "payrate": 4.40251572327044
 },
 "通行证": {
  "rev": 16250.0,
  "buyers": 568,
  "orders": 1033,
  "max": 150.0,
  "p50": 29.98,
  "p90": 47.4836,
  "over100": 0.17605633802816903,
  "over500": 0.0,
  "total_payers": 4955,
  "payrate": 11.46316851664985
 }
}