{
 "END": "2026-07-16",
 "深海节": {
  "payers": 1815,
  "total": 249252.0,
  "modules": {
   "转盘连锁5档": {
    "rev": 6442.0,
    "buyers": 137,
    "orders": 293,
    "max": 585.0,
    "payrate": 7.548209366391184,
    "arppu": 47.02189781021898,
    "opb": 2.1386861313868613
   },
   "藏宝图锚点4档": {
    "rev": 0.0,
    "buyers": 0,
    "orders": 0,
    "max": 0.0,
    "payrate": 0.0,
    "arppu": 0,
    "opb": 0
   },
   "许愿池": {
    "rev": 2395.0,
    "buyers": 114,
    "orders": 480,
    "max": 210.0,
    "payrate": 6.2809917355371905,
    "arppu": 21.00877192982456,
    "opb": 4.2105263157894735
   },
   "大富翁成就礼包": {
    "rev": 10053.0,
    "buyers": 281,
    "orders": 572,
    "max": 687.0,
    "payrate": 15.482093663911844,
    "arppu": 35.77580071174377,
    "opb": 2.0355871886120998
   },
   "大富翁罗盘连锁": {
    "rev": 3281.0,
    "buyers": 138,
    "orders": 428,
    "max": 255.0,
    "payrate": 7.6033057851239665,
    "arppu": 23.77536231884058,
    "opb": 3.101449275362319
   },
   "存钱罐": {
    "rev": 3138.0,
    "buyers": 157,
    "orders": 157,
    "max": 20.0,
    "payrate": 8.650137741046832,
    "arppu": 19.987261146496817,
    "opb": 1.0
   },
   "BP大富翁线(130036/37)": {
    "rev": 10393.0,
    "buyers": 431,
    "orders": 672,
    "max": 30.0,
    "payrate": 23.7465564738292,
    "arppu": 24.11368909512761,
    "opb": 1.5591647331786542
   },
   "BP转盘线(130035/46)": {
    "rev": 6116.0,
    "buyers": 239,
    "orders": 388,
    "max": 30.0,
    "payrate": 13.168044077134985,
    "arppu": 25.589958158995817,
    "opb": 1.6234309623430963
   },
   "每日礼包": {
    "rev": 3805.0,
    "buyers": 293,
    "orders": 825,
    "max": 26.0,
    "payrate": 16.143250688705237,
    "arppu": 12.986348122866895,
    "opb": 2.8156996587030716
   },
   "节日周卡": {
    "rev": 2349.0,
    "buyers": 66,
    "orders": 88,
    "max": 260.0,
    "payrate": 3.6363636363636362,
    "arppu": 35.59090909090909,
    "opb": 1.3333333333333333
   },
   "拜访礼包": {
    "rev": 2800.0,
    "buyers": 28,
    "orders": 28,
    "max": 100.0,
    "payrate": 1.5426997245179064,
    "arppu": 100.0,
    "opb": 1.0
   },
   "装饰礼包": {
    "rev": 1619.0,
    "buyers": 46,
    "orders": 81,
    "max": 60.0,
    "payrate": 2.5344352617079893,
    "arppu": 35.19565217391305,
    "opb": 1.7608695652173914
   },
   "头像框(深海印记)": {
    "rev": 0.0,
    "buyers": 0,
    "orders": 0,
    "max": 0.0,
    "payrate": 0.0,
    "arppu": 0,
    "opb": 0
   }
  }
 },
 "世界杯": {
  "payers": 4179,
  "total": 663655.0,
  "modules": {
   "竞猜礼包全档": {
    "rev": 7038.0,
    "buyers": 161,
    "orders": 661,
    "max": 679.0,
    "payrate": 3.8525963149078724,
    "arppu": 43.714285714285715,
    "opb": 4.105590062111801
   },
   "竞猜$4.99档(尾1)": {
    "rev": 1332.0,
    "buyers": 102,
    "orders": 267,
    "max": 130.0,
    "payrate": 2.4407753050969134,
    "arppu": 13.058823529411764,
    "opb": 2.6176470588235294
   },
   "竞猜$9.99框档(尾2)": {
    "rev": 2168.0,
    "buyers": 77,
    "orders": 217,
    "max": 270.0,
    "payrate": 1.8425460636515913,
    "arppu": 28.155844155844157,
    "opb": 2.8181818181818183
   },
   "竞猜$19.99表情档(尾3)": {
    "rev": 3538.0,
    "buyers": 54,
    "orders": 177,
    "max": 380.0,
    "payrate": 1.2921751615218953,
    "arppu": 65.51851851851852,
    "opb": 3.2777777777777777
   },
   "开箱福箱连锁": {
    "rev": 17555.0,
    "buyers": 316,
    "orders": 1456,
    "max": 1415.0,
    "payrate": 7.561617611868868,
    "arppu": 55.55379746835443,
    "opb": 4.6075949367088604
   },
   "开箱券锚点(可复购)": {
    "rev": 3107.0,
    "buyers": 155,
    "orders": 324,
    "max": 400.0,
    "payrate": 3.7090212969609953,
    "arppu": 20.045161290322582,
    "opb": 2.0903225806451613
   },
   "通行证(130020/21)": {
    "rev": 16110.0,
    "buyers": 562,
    "orders": 1023,
    "max": 150.0,
    "payrate": 13.448193347690834,
    "arppu": 28.665480427046262,
    "opb": 1.8202846975088969
   }
  }
 },
 "竞猜按轮": {
  "R32": {
   "rev": 2867.0,
   "buyers": 85,
   "orders": 270,
   "win": "2026-06-26~2026-07-02"
  },
  "R16": {
   "rev": 2737.0,
   "buyers": 68,
   "orders": 255,
   "win": "2026-07-03~2026-07-08"
  },
  "QF": {
   "rev": 949.0,
   "buyers": 41,
   "orders": 92,
   "win": "2026-07-09~2026-07-12"
  },
  "SF": {
   "rev": 485.0,
   "buyers": 24,
   "orders": 44,
   "win": "2026-07-13~2026-07-16"
  }
 }
}