{
 "END": "2026-07-15",
 "深海节": {
  "payers": 1756,
  "total": 234910.0,
  "modules": {
   "转盘连锁5档": {
    "rev": 6007.0,
    "buyers": 126,
    "orders": 273,
    "max": 585.0,
    "payrate": 7.175398633257403,
    "arppu": 47.67460317460318,
    "opb": 2.1666666666666665
   },
   "藏宝图锚点4档": {
    "rev": 0.0,
    "buyers": 0,
    "orders": 0,
    "max": 0.0,
    "payrate": 0.0,
    "arppu": 0,
    "opb": 0
   },
   "许愿池": {
    "rev": 2250.0,
    "buyers": 109,
    "orders": 451,
    "max": 195.0,
    "payrate": 6.207289293849659,
    "arppu": 20.642201834862384,
    "opb": 4.137614678899083
   },
   "大富翁成就礼包": {
    "rev": 9049.0,
    "buyers": 257,
    "orders": 518,
    "max": 687.0,
    "payrate": 14.635535307517083,
    "arppu": 35.21011673151751,
    "opb": 2.0155642023346303
   },
   "大富翁罗盘连锁": {
    "rev": 2931.0,
    "buyers": 127,
    "orders": 390,
    "max": 255.0,
    "payrate": 7.232346241457859,
    "arppu": 23.078740157480315,
    "opb": 3.0708661417322833
   },
   "存钱罐": {
    "rev": 2899.0,
    "buyers": 145,
    "orders": 145,
    "max": 20.0,
    "payrate": 8.257403189066059,
    "arppu": 19.99310344827586,
    "opb": 1.0
   },
   "BP大富翁线(130036/37)": {
    "rev": 9724.0,
    "buyers": 397,
    "orders": 626,
    "max": 30.0,
    "payrate": 22.608200455580864,
    "arppu": 24.493702770780857,
    "opb": 1.5768261964735517
   },
   "BP转盘线(130035/46)": {
    "rev": 5946.0,
    "buyers": 233,
    "orders": 377,
    "max": 30.0,
    "payrate": 13.268792710706151,
    "arppu": 25.51931330472103,
    "opb": 1.6180257510729614
   },
   "每日礼包": {
    "rev": 3798.0,
    "buyers": 290,
    "orders": 818,
    "max": 26.0,
    "payrate": 16.514806378132118,
    "arppu": 13.096551724137932,
    "opb": 2.820689655172414
   },
   "节日周卡": {
    "rev": 2329.0,
    "buyers": 65,
    "orders": 87,
    "max": 260.0,
    "payrate": 3.7015945330296125,
    "arppu": 35.83076923076923,
    "opb": 1.3384615384615384
   },
   "拜访礼包": {
    "rev": 2800.0,
    "buyers": 28,
    "orders": 28,
    "max": 100.0,
    "payrate": 1.5945330296127564,
    "arppu": 100.0,
    "opb": 1.0
   },
   "装饰礼包": {
    "rev": 1479.0,
    "buyers": 43,
    "orders": 74,
    "max": 60.0,
    "payrate": 2.44874715261959,
    "arppu": 34.395348837209305,
    "opb": 1.7209302325581395
   },
   "头像框(深海印记)": {
    "rev": 0.0,
    "buyers": 0,
    "orders": 0,
    "max": 0.0,
    "payrate": 0.0,
    "arppu": 0,
    "opb": 0
   }
  }
 },
 "世界杯": {
  "payers": 4121,
  "total": 638248.0,
  "modules": {
   "竞猜礼包全档": {
    "rev": 7028.0,
    "buyers": 160,
    "orders": 660,
    "max": 679.0,
    "payrate": 3.8825527784518323,
    "arppu": 43.925,
    "opb": 4.125
   },
   "竞猜$4.99档(尾1)": {
    "rev": 1332.0,
    "buyers": 102,
    "orders": 267,
    "max": 130.0,
    "payrate": 2.475127396263043,
    "arppu": 13.058823529411764,
    "opb": 2.6176470588235294
   },
   "竞猜$9.99框档(尾2)": {
    "rev": 2158.0,
    "buyers": 76,
    "orders": 216,
    "max": 270.0,
    "payrate": 1.8442125697646201,
    "arppu": 28.394736842105264,
    "opb": 2.8421052631578947
   },
   "竞猜$19.99表情档(尾3)": {
    "rev": 3538.0,
    "buyers": 54,
    "orders": 177,
    "max": 380.0,
    "payrate": 1.3103615627274934,
    "arppu": 65.51851851851852,
    "opb": 3.2777777777777777
   },
   "开箱福箱连锁": {
    "rev": 17231.0,
    "buyers": 311,
    "orders": 1418,
    "max": 1415.0,
    "payrate": 7.546711963115749,
    "arppu": 55.40514469453376,
    "opb": 4.559485530546624
   },
   "开箱券锚点(可复购)": {
    "rev": 2877.0,
    "buyers": 153,
    "orders": 312,
    "max": 400.0,
    "payrate": 3.712691094394564,
    "arppu": 18.80392156862745,
    "opb": 2.0392156862745097
   },
   "通行证(130020/21)": {
    "rev": 15660.0,
    "buyers": 550,
    "orders": 994,
    "max": 150.0,
    "payrate": 13.346275175928174,
    "arppu": 28.472727272727273,
    "opb": 1.8072727272727274
   },
   "许愿池(与深海共用)": {
    "rev": 2485.0,
    "buyers": 120,
    "orders": 498,
    "max": 240.0,
    "payrate": 2.911914583838874,
    "arppu": 20.708333333333332,
    "opb": 4.15
   }
  }
 },
 "竞猜按轮": {
  "R32": {
   "rev": 2867.0,
   "buyers": 85,
   "orders": 270,
   "win": "2026-06-26~2026-07-02"
  },
  "R16": {
   "rev": 2737.0,
   "buyers": 68,
   "orders": 255,
   "win": "2026-07-03~2026-07-08"
  },
  "QF": {
   "rev": 949.0,
   "buyers": 41,
   "orders": 92,
   "win": "2026-07-09~2026-07-12"
  },
  "SF": {
   "rev": 475.0,
   "buyers": 23,
   "orders": 43,
   "win": "2026-07-13~2026-07-15"
  }
 }
}