{
 "buyers": 767,
 "rev": 48985.0,
 "orders": 6398,
 "max": 722.0,
 "p50": 16.332977,
 "p90": 179.33551,
 "over100": 16.94915254237288,
 "over500": 2.346805736636245,
 "total_payers": 6432,
 "payrate": 11.924751243781094,
 "arpu": 7.61582711442786,
 "arppu": 63.865710560625814,
 "opb": 8.341590612777054
}